{
  "activitycontinuation": {
    "apps": [
      "ZL6BUSYGB3.com.apple.news"
    ]
  },
  "applinks" : {
    "apps" : [
    ],
    "details" : [
      {
        "comment" : "Used for system app placeholder",
        "paths" : [
          "NOT /A??????????????????????", "NOT /articles/A??????????????????????", "*"
        ],
        "appID" : "com.apple.news",
        "alwaysEnabled": true
      },
      {
          "comment" : "Used for regular app",
          "appID": "ZL6BUSYGB3.com.apple.news",
          "paths": [
              "*"
          ],
          "alwaysEnabled": true
      }
    ]
  }
}
